[
    {
        "code": 0,
        "numero": 22,
        "nom": "Etudiant 0"
    },
    {
        "code": 1,
        "numero": 21,
        "nom": "Etudiant 1"
    },
    {
        "code": 2,
        "numero": 27,
        "nom": "Etudiant 2"
    },
    {
        "code": 3,
        "numero": 14,
        "nom": "Etudiant 3"
    },
    {
        "code": 4,
        "numero": 37,
        "nom": "Etudiant 4"
    },
    {
        "code": 5,
        "numero": 19,
        "nom": "Etudiant 5"
    },
    {
        "code": 6,
        "numero": 22,
        "nom": "Etudiant 6"
    },
    {
        "code": 7,
        "numero": 26,
        "nom": "Etudiant 7"
    },
    {
        "code": 8,
        "numero": 28,
        "nom": "Etudiant 8"
    },
    {
        "code": 9,
        "numero": 12,
        "nom": "Etudiant 9"
    },
    {
        "code": 10,
        "numero": 42,
        "nom": "Etudiant 10"
    },
    {
        "code": 11,
        "numero": 31,
        "nom": "Etudiant 11"
    },
    {
        "code": 12,
        "numero": 28,
        "nom": "Etudiant 12"
    },
    {
        "code": 13,
        "numero": 20,
        "nom": "Etudiant 13"
    },
    {
        "code": 14,
        "numero": 46,
        "nom": "Etudiant 14"
    },
    {
        "code": 15,
        "numero": 10,
        "nom": "Etudiant 15"
    },
    {
        "code": 16,
        "numero": 6,
        "nom": "Etudiant 16"
    },
    {
        "code": 17,
        "numero": 14,
        "nom": "Etudiant 17"
    },
    {
        "code": 18,
        "numero": 8,
        "nom": "Etudiant 18"
    },
    {
        "code": 19,
        "numero": 20,
        "nom": "Etudiant 19"
    },
    {
        "code": 20,
        "numero": 19,
        "nom": "Etudiant 20"
    },
    {
        "code": 21,
        "numero": 14,
        "nom": "Etudiant 21"
    },
    {
        "code": 22,
        "numero": 27,
        "nom": "Etudiant 22"
    },
    {
        "code": 23,
        "numero": 5,
        "nom": "Etudiant 23"
    },
    {
        "code": 24,
        "numero": 23,
        "nom": "Etudiant 24"
    },
    {
        "code": 25,
        "numero": 24,
        "nom": "Etudiant 25"
    },
    {
        "code": 26,
        "numero": 25,
        "nom": "Etudiant 26"
    },
    {
        "code": 27,
        "numero": 3,
        "nom": "Etudiant 27"
    },
    {
        "code": 28,
        "numero": 10,
        "nom": "Etudiant 28"
    },
    {
        "code": 29,
        "numero": 0,
        "nom": "Etudiant 29"
    },
    {
        "code": 30,
        "numero": 48,
        "nom": "Etudiant 30"
    },
    {
        "code": 31,
        "numero": 15,
        "nom": "Etudiant 31"
    },
    {
        "code": 32,
        "numero": 11,
        "nom": "Etudiant 32"
    },
    {
        "code": 33,
        "numero": 38,
        "nom": "Etudiant 33"
    },
    {
        "code": 34,
        "numero": 35,
        "nom": "Etudiant 34"
    },
    {
        "code": 35,
        "numero": 8,
        "nom": "Etudiant 35"
    },
    {
        "code": 36,
        "numero": 50,
        "nom": "Etudiant 36"
    },
    {
        "code": 37,
        "numero": 14,
        "nom": "Etudiant 37"
    },
    {
        "code": 38,
        "numero": 41,
        "nom": "Etudiant 38"
    },
    {
        "code": 39,
        "numero": 6,
        "nom": "Etudiant 39"
    },
    {
        "code": 40,
        "numero": 33,
        "nom": "Etudiant 40"
    },
    {
        "code": 41,
        "numero": 28,
        "nom": "Etudiant 41"
    },
    {
        "code": 42,
        "numero": 47,
        "nom": "Etudiant 42"
    },
    {
        "code": 43,
        "numero": 16,
        "nom": "Etudiant 43"
    },
    {
        "code": 44,
        "numero": 12,
        "nom": "Etudiant 44"
    },
    {
        "code": 45,
        "numero": 26,
        "nom": "Etudiant 45"
    },
    {
        "code": 46,
        "numero": 39,
        "nom": "Etudiant 46"
    },
    {
        "code": 47,
        "numero": 47,
        "nom": "Etudiant 47"
    },
    {
        "code": 48,
        "numero": 26,
        "nom": "Etudiant 48"
    },
    {
        "code": 49,
        "numero": 12,
        "nom": "Etudiant 49"
    },
    {
        "code": 50,
        "numero": 16,
        "nom": "Etudiant 50"
    },
    {
        "code": 51,
        "numero": 12,
        "nom": "Etudiant 51"
    },
    {
        "code": 52,
        "numero": 24,
        "nom": "Etudiant 52"
    },
    {
        "code": 53,
        "numero": 26,
        "nom": "Etudiant 53"
    },
    {
        "code": 54,
        "numero": 1,
        "nom": "Etudiant 54"
    },
    {
        "code": 55,
        "numero": 5,
        "nom": "Etudiant 55"
    },
    {
        "code": 56,
        "numero": 16,
        "nom": "Etudiant 56"
    },
    {
        "code": 57,
        "numero": 12,
        "nom": "Etudiant 57"
    },
    {
        "code": 58,
        "numero": 39,
        "nom": "Etudiant 58"
    },
    {
        "code": 59,
        "numero": 45,
        "nom": "Etudiant 59"
    },
    {
        "code": 60,
        "numero": 11,
        "nom": "Etudiant 60"
    },
    {
        "code": 61,
        "numero": 0,
        "nom": "Etudiant 61"
    },
    {
        "code": 62,
        "numero": 28,
        "nom": "Etudiant 62"
    },
    {
        "code": 63,
        "numero": 42,
        "nom": "Etudiant 63"
    },
    {
        "code": 64,
        "numero": 35,
        "nom": "Etudiant 64"
    },
    {
        "code": 65,
        "numero": 9,
        "nom": "Etudiant 65"
    },
    {
        "code": 66,
        "numero": 23,
        "nom": "Etudiant 66"
    },
    {
        "code": 67,
        "numero": 30,
        "nom": "Etudiant 67"
    },
    {
        "code": 68,
        "numero": 12,
        "nom": "Etudiant 68"
    },
    {
        "code": 69,
        "numero": 26,
        "nom": "Etudiant 69"
    },
    {
        "code": 70,
        "numero": 49,
        "nom": "Etudiant 70"
    },
    {
        "code": 71,
        "numero": 19,
        "nom": "Etudiant 71"
    },
    {
        "code": 72,
        "numero": 7,
        "nom": "Etudiant 72"
    },
    {
        "code": 73,
        "numero": 3,
        "nom": "Etudiant 73"
    },
    {
        "code": 74,
        "numero": 3,
        "nom": "Etudiant 74"
    },
    {
        "code": 75,
        "numero": 44,
        "nom": "Etudiant 75"
    },
    {
        "code": 76,
        "numero": 22,
        "nom": "Etudiant 76"
    },
    {
        "code": 77,
        "numero": 7,
        "nom": "Etudiant 77"
    },
    {
        "code": 78,
        "numero": 0,
        "nom": "Etudiant 78"
    },
    {
        "code": 79,
        "numero": 39,
        "nom": "Etudiant 79"
    },
    {
        "code": 80,
        "numero": 46,
        "nom": "Etudiant 80"
    },
    {
        "code": 81,
        "numero": 30,
        "nom": "Etudiant 81"
    },
    {
        "code": 82,
        "numero": 3,
        "nom": "Etudiant 82"
    },
    {
        "code": 83,
        "numero": 36,
        "nom": "Etudiant 83"
    },
    {
        "code": 84,
        "numero": 24,
        "nom": "Etudiant 84"
    },
    {
        "code": 85,
        "numero": 10,
        "nom": "Etudiant 85"
    },
    {
        "code": 86,
        "numero": 44,
        "nom": "Etudiant 86"
    },
    {
        "code": 87,
        "numero": 10,
        "nom": "Etudiant 87"
    },
    {
        "code": 88,
        "numero": 34,
        "nom": "Etudiant 88"
    },
    {
        "code": 89,
        "numero": 14,
        "nom": "Etudiant 89"
    },
    {
        "code": 90,
        "numero": 3,
        "nom": "Etudiant 90"
    },
    {
        "code": 91,
        "numero": 26,
        "nom": "Etudiant 91"
    },
    {
        "code": 92,
        "numero": 16,
        "nom": "Etudiant 92"
    },
    {
        "code": 93,
        "numero": 11,
        "nom": "Etudiant 93"
    },
    {
        "code": 94,
        "numero": 9,
        "nom": "Etudiant 94"
    },
    {
        "code": 95,
        "numero": 4,
        "nom": "Etudiant 95"
    },
    {
        "code": 96,
        "numero": 27,
        "nom": "Etudiant 96"
    },
    {
        "code": 97,
        "numero": 32,
        "nom": "Etudiant 97"
    },
    {
        "code": 98,
        "numero": 14,
        "nom": "Etudiant 98"
    },
    {
        "code": 99,
        "numero": 44,
        "nom": "Etudiant 99"
    },
    {
        "code": 100,
        "numero": 2,
        "nom": "Module 100"
    }
]