[
    {
        "numero": 0,
        "libelle": "Module 0"
    },
    {
        "numero": 1,
        "libelle": "Module 1"
    },
    {
        "numero": 2,
        "libelle": "Module 2"
    },
    {
        "numero": 3,
        "libelle": "Module 3"
    },
    {
        "numero": 4,
        "libelle": "Module 4"
    },
    {
        "numero": 5,
        "libelle": "Module 5"
    },
    {
        "numero": 6,
        "libelle": "Module 6"
    },
    {
        "numero": 7,
        "libelle": "Module 7"
    },
    {
        "numero": 8,
        "libelle": "Module 8"
    },
    {
        "numero": 9,
        "libelle": "Module 9"
    },
    {
        "numero": 10,
        "libelle": "Module 10"
    },
    {
        "numero": 11,
        "libelle": "Module 11"
    },
    {
        "numero": 12,
        "libelle": "Module 12"
    },
    {
        "numero": 13,
        "libelle": "Module 13"
    },
    {
        "numero": 14,
        "libelle": "Module 14"
    },
    {
        "numero": 15,
        "libelle": "Module 15"
    },
    {
        "numero": 16,
        "libelle": "Module 16"
    },
    {
        "numero": 17,
        "libelle": "Module 17"
    },
    {
        "numero": 18,
        "libelle": "Module 18"
    },
    {
        "numero": 19,
        "libelle": "Module 19"
    },
    {
        "numero": 20,
        "libelle": "Module 20"
    },
    {
        "numero": 21,
        "libelle": "Module 21"
    },
    {
        "numero": 22,
        "libelle": "Module 22"
    },
    {
        "numero": 23,
        "libelle": "Module 23"
    },
    {
        "numero": 24,
        "libelle": "Module 24"
    },
    {
        "numero": 25,
        "libelle": "Module 25"
    },
    {
        "numero": 26,
        "libelle": "Module 26"
    },
    {
        "numero": 27,
        "libelle": "Module 27"
    },
    {
        "numero": 28,
        "libelle": "Module 28"
    },
    {
        "numero": 29,
        "libelle": "Module 29"
    },
    {
        "numero": 30,
        "libelle": "Module 30"
    },
    {
        "numero": 31,
        "libelle": "Module 31"
    },
    {
        "numero": 32,
        "libelle": "Module 32"
    },
    {
        "numero": 33,
        "libelle": "Module 33"
    },
    {
        "numero": 34,
        "libelle": "Module 34"
    },
    {
        "numero": 35,
        "libelle": "Module 35"
    },
    {
        "numero": 36,
        "libelle": "Module 36"
    },
    {
        "numero": 37,
        "libelle": "Module 37"
    },
    {
        "numero": 38,
        "libelle": "Module 38"
    },
    {
        "numero": 39,
        "libelle": "Module 39"
    },
    {
        "numero": 40,
        "libelle": "Module 40"
    },
    {
        "numero": 41,
        "libelle": "Module 41"
    },
    {
        "numero": 42,
        "libelle": "Module 42"
    },
    {
        "numero": 43,
        "libelle": "Module 43"
    },
    {
        "numero": 44,
        "libelle": "Module 44"
    },
    {
        "numero": 45,
        "libelle": "Module 45"
    },
    {
        "numero": 46,
        "libelle": "Module 46"
    },
    {
        "numero": 47,
        "libelle": "Module 47"
    },
    {
        "numero": 48,
        "libelle": "Module 48"
    },
    {
        "numero": 49,
        "libelle": "Module 49"
    },
    {
        "numero": 50,
        "libelle": "Module 50"
    }
]