[
    {
        "id": 1,
        "name_id": 1,
        "lastname": "fgegerg",
        "abc": [
            {
                "id": 1,
                "name": "yasser"
            }
        ]
    },
    {
        "id": 2,
        "name_id": 1,
        "lastname": "fzefgegerg",
        "abc": [
            {
                "id": 1,
                "name": "yasser"
            }
        ]
    },
    {
        "id": 3,
        "name_id": 2,
        "lastname": "jklkjl",
        "abc": [
            {
                "id": 2,
                "name": "yassdfdsser"
            }
        ]
    },
    {
        "id": 4,
        "name_id": 2,
        "lastname": "zgzrgf",
        "abc": [
            {
                "id": 2,
                "name": "yassdfdsser"
            }
        ]
    }
]