[
    {
        "numero": 0,
        "libelle": "Module 0",
        "etudiant": [
            {
                "code": 29,
                "numero": 0,
                "nom": "Etudiant 29"
            },
            {
                "code": 61,
                "numero": 0,
                "nom": "Etudiant 61"
            },
            {
                "code": 78,
                "numero": 0,
                "nom": "Etudiant 78"
            }
        ]
    },
    {
        "numero": 1,
        "libelle": "Module 1",
        "etudiant": [
            {
                "code": 54,
                "numero": 1,
                "nom": "Etudiant 54"
            }
        ]
    },
    {
        "numero": 2,
        "libelle": "Module 2",
        "etudiant": [
            {
                "code": 100,
                "numero": 2,
                "nom": "Module 100"
            }
        ]
    },
    {
        "numero": 3,
        "libelle": "Module 3",
        "etudiant": [
            {
                "code": 27,
                "numero": 3,
                "nom": "Etudiant 27"
            },
            {
                "code": 73,
                "numero": 3,
                "nom": "Etudiant 73"
            },
            {
                "code": 74,
                "numero": 3,
                "nom": "Etudiant 74"
            },
            {
                "code": 82,
                "numero": 3,
                "nom": "Etudiant 82"
            },
            {
                "code": 90,
                "numero": 3,
                "nom": "Etudiant 90"
            }
        ]
    },
    {
        "numero": 4,
        "libelle": "Module 4",
        "etudiant": [
            {
                "code": 95,
                "numero": 4,
                "nom": "Etudiant 95"
            }
        ]
    },
    {
        "numero": 5,
        "libelle": "Module 5",
        "etudiant": [
            {
                "code": 23,
                "numero": 5,
                "nom": "Etudiant 23"
            },
            {
                "code": 55,
                "numero": 5,
                "nom": "Etudiant 55"
            }
        ]
    },
    {
        "numero": 6,
        "libelle": "Module 6",
        "etudiant": [
            {
                "code": 16,
                "numero": 6,
                "nom": "Etudiant 16"
            },
            {
                "code": 39,
                "numero": 6,
                "nom": "Etudiant 39"
            }
        ]
    },
    {
        "numero": 7,
        "libelle": "Module 7",
        "etudiant": [
            {
                "code": 72,
                "numero": 7,
                "nom": "Etudiant 72"
            },
            {
                "code": 77,
                "numero": 7,
                "nom": "Etudiant 77"
            }
        ]
    },
    {
        "numero": 8,
        "libelle": "Module 8",
        "etudiant": [
            {
                "code": 18,
                "numero": 8,
                "nom": "Etudiant 18"
            },
            {
                "code": 35,
                "numero": 8,
                "nom": "Etudiant 35"
            }
        ]
    },
    {
        "numero": 9,
        "libelle": "Module 9",
        "etudiant": [
            {
                "code": 65,
                "numero": 9,
                "nom": "Etudiant 65"
            },
            {
                "code": 94,
                "numero": 9,
                "nom": "Etudiant 94"
            }
        ]
    },
    {
        "numero": 10,
        "libelle": "Module 10",
        "etudiant": [
            {
                "code": 15,
                "numero": 10,
                "nom": "Etudiant 15"
            },
            {
                "code": 28,
                "numero": 10,
                "nom": "Etudiant 28"
            },
            {
                "code": 85,
                "numero": 10,
                "nom": "Etudiant 85"
            },
            {
                "code": 87,
                "numero": 10,
                "nom": "Etudiant 87"
            }
        ]
    },
    {
        "numero": 11,
        "libelle": "Module 11",
        "etudiant": [
            {
                "code": 32,
                "numero": 11,
                "nom": "Etudiant 32"
            },
            {
                "code": 60,
                "numero": 11,
                "nom": "Etudiant 60"
            },
            {
                "code": 93,
                "numero": 11,
                "nom": "Etudiant 93"
            }
        ]
    },
    {
        "numero": 12,
        "libelle": "Module 12",
        "etudiant": [
            {
                "code": 9,
                "numero": 12,
                "nom": "Etudiant 9"
            },
            {
                "code": 44,
                "numero": 12,
                "nom": "Etudiant 44"
            },
            {
                "code": 49,
                "numero": 12,
                "nom": "Etudiant 49"
            },
            {
                "code": 51,
                "numero": 12,
                "nom": "Etudiant 51"
            },
            {
                "code": 57,
                "numero": 12,
                "nom": "Etudiant 57"
            },
            {
                "code": 68,
                "numero": 12,
                "nom": "Etudiant 68"
            }
        ]
    },
    {
        "numero": 13,
        "libelle": "Module 13",
        "etudiant": []
    },
    {
        "numero": 14,
        "libelle": "Module 14",
        "etudiant": [
            {
                "code": 3,
                "numero": 14,
                "nom": "Etudiant 3"
            },
            {
                "code": 17,
                "numero": 14,
                "nom": "Etudiant 17"
            },
            {
                "code": 21,
                "numero": 14,
                "nom": "Etudiant 21"
            },
            {
                "code": 37,
                "numero": 14,
                "nom": "Etudiant 37"
            },
            {
                "code": 89,
                "numero": 14,
                "nom": "Etudiant 89"
            },
            {
                "code": 98,
                "numero": 14,
                "nom": "Etudiant 98"
            }
        ]
    },
    {
        "numero": 15,
        "libelle": "Module 15",
        "etudiant": [
            {
                "code": 31,
                "numero": 15,
                "nom": "Etudiant 31"
            }
        ]
    },
    {
        "numero": 16,
        "libelle": "Module 16",
        "etudiant": [
            {
                "code": 43,
                "numero": 16,
                "nom": "Etudiant 43"
            },
            {
                "code": 50,
                "numero": 16,
                "nom": "Etudiant 50"
            },
            {
                "code": 56,
                "numero": 16,
                "nom": "Etudiant 56"
            },
            {
                "code": 92,
                "numero": 16,
                "nom": "Etudiant 92"
            }
        ]
    },
    {
        "numero": 17,
        "libelle": "Module 17",
        "etudiant": []
    },
    {
        "numero": 18,
        "libelle": "Module 18",
        "etudiant": []
    },
    {
        "numero": 19,
        "libelle": "Module 19",
        "etudiant": [
            {
                "code": 5,
                "numero": 19,
                "nom": "Etudiant 5"
            },
            {
                "code": 20,
                "numero": 19,
                "nom": "Etudiant 20"
            },
            {
                "code": 71,
                "numero": 19,
                "nom": "Etudiant 71"
            }
        ]
    },
    {
        "numero": 20,
        "libelle": "Module 20",
        "etudiant": [
            {
                "code": 13,
                "numero": 20,
                "nom": "Etudiant 13"
            },
            {
                "code": 19,
                "numero": 20,
                "nom": "Etudiant 19"
            }
        ]
    },
    {
        "numero": 21,
        "libelle": "Module 21",
        "etudiant": [
            {
                "code": 1,
                "numero": 21,
                "nom": "Etudiant 1"
            }
        ]
    },
    {
        "numero": 22,
        "libelle": "Module 22",
        "etudiant": [
            {
                "code": 0,
                "numero": 22,
                "nom": "Etudiant 0"
            },
            {
                "code": 6,
                "numero": 22,
                "nom": "Etudiant 6"
            },
            {
                "code": 76,
                "numero": 22,
                "nom": "Etudiant 76"
            }
        ]
    },
    {
        "numero": 23,
        "libelle": "Module 23",
        "etudiant": [
            {
                "code": 24,
                "numero": 23,
                "nom": "Etudiant 24"
            },
            {
                "code": 66,
                "numero": 23,
                "nom": "Etudiant 66"
            }
        ]
    },
    {
        "numero": 24,
        "libelle": "Module 24",
        "etudiant": [
            {
                "code": 25,
                "numero": 24,
                "nom": "Etudiant 25"
            },
            {
                "code": 52,
                "numero": 24,
                "nom": "Etudiant 52"
            },
            {
                "code": 84,
                "numero": 24,
                "nom": "Etudiant 84"
            }
        ]
    },
    {
        "numero": 25,
        "libelle": "Module 25",
        "etudiant": [
            {
                "code": 26,
                "numero": 25,
                "nom": "Etudiant 26"
            }
        ]
    },
    {
        "numero": 26,
        "libelle": "Module 26",
        "etudiant": [
            {
                "code": 7,
                "numero": 26,
                "nom": "Etudiant 7"
            },
            {
                "code": 45,
                "numero": 26,
                "nom": "Etudiant 45"
            },
            {
                "code": 48,
                "numero": 26,
                "nom": "Etudiant 48"
            },
            {
                "code": 53,
                "numero": 26,
                "nom": "Etudiant 53"
            },
            {
                "code": 69,
                "numero": 26,
                "nom": "Etudiant 69"
            },
            {
                "code": 91,
                "numero": 26,
                "nom": "Etudiant 91"
            }
        ]
    },
    {
        "numero": 27,
        "libelle": "Module 27",
        "etudiant": [
            {
                "code": 2,
                "numero": 27,
                "nom": "Etudiant 2"
            },
            {
                "code": 22,
                "numero": 27,
                "nom": "Etudiant 22"
            },
            {
                "code": 96,
                "numero": 27,
                "nom": "Etudiant 96"
            }
        ]
    },
    {
        "numero": 28,
        "libelle": "Module 28",
        "etudiant": [
            {
                "code": 8,
                "numero": 28,
                "nom": "Etudiant 8"
            },
            {
                "code": 12,
                "numero": 28,
                "nom": "Etudiant 12"
            },
            {
                "code": 41,
                "numero": 28,
                "nom": "Etudiant 41"
            },
            {
                "code": 62,
                "numero": 28,
                "nom": "Etudiant 62"
            }
        ]
    },
    {
        "numero": 29,
        "libelle": "Module 29",
        "etudiant": []
    },
    {
        "numero": 30,
        "libelle": "Module 30",
        "etudiant": [
            {
                "code": 67,
                "numero": 30,
                "nom": "Etudiant 67"
            },
            {
                "code": 81,
                "numero": 30,
                "nom": "Etudiant 81"
            }
        ]
    },
    {
        "numero": 31,
        "libelle": "Module 31",
        "etudiant": [
            {
                "code": 11,
                "numero": 31,
                "nom": "Etudiant 11"
            }
        ]
    },
    {
        "numero": 32,
        "libelle": "Module 32",
        "etudiant": [
            {
                "code": 97,
                "numero": 32,
                "nom": "Etudiant 97"
            }
        ]
    },
    {
        "numero": 33,
        "libelle": "Module 33",
        "etudiant": [
            {
                "code": 40,
                "numero": 33,
                "nom": "Etudiant 40"
            }
        ]
    },
    {
        "numero": 34,
        "libelle": "Module 34",
        "etudiant": [
            {
                "code": 88,
                "numero": 34,
                "nom": "Etudiant 88"
            }
        ]
    },
    {
        "numero": 35,
        "libelle": "Module 35",
        "etudiant": [
            {
                "code": 34,
                "numero": 35,
                "nom": "Etudiant 34"
            },
            {
                "code": 64,
                "numero": 35,
                "nom": "Etudiant 64"
            }
        ]
    },
    {
        "numero": 36,
        "libelle": "Module 36",
        "etudiant": [
            {
                "code": 83,
                "numero": 36,
                "nom": "Etudiant 83"
            }
        ]
    },
    {
        "numero": 37,
        "libelle": "Module 37",
        "etudiant": [
            {
                "code": 4,
                "numero": 37,
                "nom": "Etudiant 4"
            }
        ]
    },
    {
        "numero": 38,
        "libelle": "Module 38",
        "etudiant": [
            {
                "code": 33,
                "numero": 38,
                "nom": "Etudiant 33"
            }
        ]
    },
    {
        "numero": 39,
        "libelle": "Module 39",
        "etudiant": [
            {
                "code": 46,
                "numero": 39,
                "nom": "Etudiant 46"
            },
            {
                "code": 58,
                "numero": 39,
                "nom": "Etudiant 58"
            },
            {
                "code": 79,
                "numero": 39,
                "nom": "Etudiant 79"
            }
        ]
    },
    {
        "numero": 40,
        "libelle": "Module 40",
        "etudiant": []
    },
    {
        "numero": 41,
        "libelle": "Module 41",
        "etudiant": [
            {
                "code": 38,
                "numero": 41,
                "nom": "Etudiant 38"
            }
        ]
    },
    {
        "numero": 42,
        "libelle": "Module 42",
        "etudiant": [
            {
                "code": 10,
                "numero": 42,
                "nom": "Etudiant 10"
            },
            {
                "code": 63,
                "numero": 42,
                "nom": "Etudiant 63"
            }
        ]
    },
    {
        "numero": 43,
        "libelle": "Module 43",
        "etudiant": []
    },
    {
        "numero": 44,
        "libelle": "Module 44",
        "etudiant": [
            {
                "code": 75,
                "numero": 44,
                "nom": "Etudiant 75"
            },
            {
                "code": 86,
                "numero": 44,
                "nom": "Etudiant 86"
            },
            {
                "code": 99,
                "numero": 44,
                "nom": "Etudiant 99"
            }
        ]
    },
    {
        "numero": 45,
        "libelle": "Module 45",
        "etudiant": [
            {
                "code": 59,
                "numero": 45,
                "nom": "Etudiant 59"
            }
        ]
    },
    {
        "numero": 46,
        "libelle": "Module 46",
        "etudiant": [
            {
                "code": 14,
                "numero": 46,
                "nom": "Etudiant 14"
            },
            {
                "code": 80,
                "numero": 46,
                "nom": "Etudiant 80"
            }
        ]
    },
    {
        "numero": 47,
        "libelle": "Module 47",
        "etudiant": [
            {
                "code": 42,
                "numero": 47,
                "nom": "Etudiant 42"
            },
            {
                "code": 47,
                "numero": 47,
                "nom": "Etudiant 47"
            }
        ]
    },
    {
        "numero": 48,
        "libelle": "Module 48",
        "etudiant": [
            {
                "code": 30,
                "numero": 48,
                "nom": "Etudiant 30"
            }
        ]
    },
    {
        "numero": 49,
        "libelle": "Module 49",
        "etudiant": [
            {
                "code": 70,
                "numero": 49,
                "nom": "Etudiant 70"
            }
        ]
    },
    {
        "numero": 50,
        "libelle": "Module 50",
        "etudiant": [
            {
                "code": 36,
                "numero": 50,
                "nom": "Etudiant 36"
            }
        ]
    }
]